uid,measurement_time,glucose,country_cd,gender,age_group
1,1586736604618,7.0477247,US,M,10
2,1586736335562,7.7691450,BR,M,20
3,1586736452463,14.8723640,KR,null,30
4,1586734623466,7.3251940,GB,F,40
5,1586736345621,7.2142060,DE,F,50
6,1586736345673,8.3240840,FR,null,null
7,1586736345678,5.2164260,TR,F,20
8,1586736345623,4.9944506,RU,M,30
9,1586736344562,7.3215940,IN,M,40
10,1586736234567,7.0200223,KR,M,50
