uid,measurement_time,weight,country_cd,gender,age_group
1,1586736604618,76.00000,US,M,10
2,1586736335562,87.08980,BR,M,20
3,1586736452463,116.80000,KR,null,null
4,1586734623466,57.00000,GB,F,40
5,1586736345621,80.55810,DE,F,50
6,1586736345673,106.50000,FR,null,30
7,1586736345678,92.00000,TR,F,20
8,1586736345623,77.50000,RU,M,30
9,1586736344562,77.38290,IN,M,40
10,1586736234567,90.00000,KR,M,50
